{
  "cell_types": [
    "23P",
    "4P",
    "5P-IT",
    "5P-PT",
    "5P-NP",
    "6P-IT",
    "6P-CT",
    "6P-U",
    "WM-P",
    "Unsure E",
    "BC",
    "MC",
    "BPC",
    "NGC",
    "Unsure I"
  ],
  "cell_type_counts": {
    "23P": 349,
    "4P": 266,
    "5P-IT": 137,
    "5P-PT": 38,
    "5P-NP": 10,
    "6P-IT": 192,
    "6P-CT": 143,
    "6P-U": 28,
    "WM-P": 20,
    "Unsure E": 5,
    "BC": 59,
    "MC": 41,
    "BPC": 33,
    "NGC": 17,
    "Unsure I": 13
  },
  "connection_probabilities": {
    "23P_23P": 0.04734380660672529,
    "23P_4P": 0.028965680677338044,
    "23P_5P-IT": 0.03436303934076507,
    "23P_5P-PT": 0.0036193635952345045,
    "23P_5P-NP": 0.011461318051575931,
    "23P_6P-IT": 0.0032533428844317095,
    "23P_6P-CT": 0.0011220870819724689,
    "23P_6P-U": 0.003274662300450266,
    "23P_WM-P": 0.0012893982808022922,
    "23P_Unsure E": 0.028080229226361032,
    "23P_BC": 0.22611820698363364,
    "23P_MC": 0.37179397581941437,
    "23P_BPC": 0.013371537726838587,
    "23P_NGC": 0.09101634923310298,
    "23P_Unsure I": 0.001763279700242451,
    "4P_23P": 0.012527737682314669,
    "4P_4P": 0.04586466165413534,
    "4P_5P-IT": 0.019729981889029143,
    "4P_5P-PT": 0.002473288484368817,
    "4P_5P-NP": 0.002631578947368421,
    "4P_6P-IT": 0.0033482142857142855,
    "4P_6P-CT": 0.004364056995635943,
    "4P_6P-U": 0.005639097744360902,
    "4P_WM-P": 0.002255639097744361,
    "4P_Unsure E": 0.009774436090225564,
    "4P_BC": 0.2321906461067924,
    "4P_MC": 0.2668256005868329,
    "4P_BPC": 0.018796992481203006,
    "4P_NGC": 0.04024767801857585,
    "4P_Unsure I": 0.0014459224985540775,
    "5P-IT_23P": 0.015456047518457323,
    "5P-IT_4P": 0.04286263103013007,
    "5P-IT_5P-IT": 0.03944826105624732,
    "5P-IT_5P-PT": 0.015751056473300037,
    "5P-IT_5P-NP": 0.027737226277372264,
    "5P-IT_6P-IT": 0.006767031630170317,
    "5P-IT_6P-CT": 0.007758664692971262,
    "5P-IT_6P-U": 0.006517205422314911,
    "5P-IT_Unsure E": 0.030656934306569343,
    "5P-IT_BC": 0.21959668439935667,
    "5P-IT_MC": 0.21880007121239095,
    "5P-IT_BPC": 0.030966600309666,
    "5P-IT_NGC": 0.042936882782310004,
    "5P-IT_Unsure I": 0.02582818641212802,
    "5P-PT_23P": 0.11581963504750414,
    "5P-PT_4P": 0.08260783537791848,
    "5P-PT_5P-IT": 0.09124087591240876,
    "5P-PT_5P-PT": 0.05689900426742532,
    "5P-PT_5P-NP": 0.09736842105263158,
    "5P-PT_6P-IT": 0.020148026315789474,
    "5P-PT_6P-CT": 0.021899153478100848,
    "5P-PT_6P-U": 0.02631578947368421,
    "5P-PT_WM-P": 0.003947368421052632,
    "5P-PT_Unsure E": 0.05263157894736842,
    "5P-PT_BC": 0.32515611061552185,
    "5P-PT_MC": 0.3793324775353017,
    "5P-PT_BPC": 0.07256778309409888,
    "5P-PT_NGC": 0.16718266253869968,
    "5P-PT_Unsure I": 0.044534412955465584,
    "5P-NP_23P": 0.0040114613180515755,
    "5P-NP_4P": 0.0033834586466165413,
    "5P-NP_5P-IT": 0.010218978102189781,
    "5P-NP_5P-PT": 0.04473684210526316,
    "5P-NP_5P-NP": 0.011111111111111112,
    "5P-NP_6P-IT": 0.009895833333333333,
    "5P-NP_6P-CT": 0.033566433566433566,
    "5P-NP_6P-U": 0.02142857142857143,
    "5P-NP_WM-P": 0.005,
    "5P-NP_BC": 0.04067796610169491,
    "5P-NP_MC": 0.1073170731707317,
    "5P-NP_BPC": 0.00909090909090909,
    "5P-NP_NGC": 0.023529411764705882,
    "5P-NP_Unsure I": 0.2153846153846154,
    "6P-IT_23P": 0.0051486389684813755,
    "6P-IT_4P": 0.008634868421052632,
    "6P-IT_5P-IT": 0.013800182481751825,
    "6P-IT_5P-PT": 0.013020833333333334,
    "6P-IT_5P-NP": 0.046875,
    "6P-IT_6P-IT": 0.022142233856893543,
    "6P-IT_6P-CT": 0.012092074592074592,
    "6P-IT_6P-U": 0.017857142857142856,
    "6P-IT_WM-P": 0.016927083333333332,
    "6P-IT_Unsure E": 0.015625,
    "6P-IT_BC": 0.09110169491525423,
    "6P-IT_MC": 0.05932418699186992,
    "6P-IT_BPC": 0.02004419191919192,
    "6P-IT_NGC": 0.02696078431372549,
    "6P-IT_Unsure I": 0.12980769230769232,
    "6P-CT_23P": 0.0064119261826998215,
    "6P-CT_4P": 0.01372311898627688,
    "6P-CT_5P-IT": 0.02460313409218519,
    "6P-CT_5P-PT": 0.02576370997423629,
    "6P-CT_5P-NP": 0.07902097902097902,
    "6P-CT_6P-IT": 0.023492132867132868,
    "6P-CT_6P-CT": 0.01955087166354772,
    "6P-CT_6P-U": 0.033466533466533464,
    "6P-CT_WM-P": 0.006993006993006993,
    "6P-CT_Unsure E": 0.016783216783216783,
    "6P-CT_BC": 0.08759037572596895,
    "6P-CT_MC": 0.07675251577690602,
    "6P-CT_BPC": 0.043441407077770715,
    "6P-CT_NGC": 0.024681201151789386,
    "6P-CT_Unsure I": 0.14254975793437333,
    "6P-U_23P": 0.005321326238231682,
    "6P-U_4P": 0.009129967776584319,
    "6P-U_5P-IT": 0.022419186652763295,
    "6P-U_5P-PT": 0.017857142857142856,
    "6P-U_5P-NP": 0.07142857142857142,
    "6P-U_6P-IT": 0.022321428571428572,
    "6P-U_6P-CT": 0.015734265734265736,
    "6P-U_6P-U": 0.0291005291005291,
    "6P-U_WM-P": 0.014285714285714285,
    "6P-U_Unsure E": 0.007142857142857143,
    "6P-U_BC": 0.09261501210653753,
    "6P-U_MC": 0.08710801393728224,
    "6P-U_BPC": 0.022727272727272728,
    "6P-U_NGC": 0.025210084033613446,
    "6P-U_Unsure I": 0.17032967032967034,
    "WM-P_23P": 0.002148997134670487,
    "WM-P_4P": 0.0020676691729323306,
    "WM-P_5P-IT": 0.00583941605839416,
    "WM-P_5P-PT": 0.005263157894736842,
    "WM-P_5P-NP": 0.005,
    "WM-P_6P-IT": 0.022395833333333334,
    "WM-P_6P-CT": 0.008741258741258742,
    "WM-P_6P-U": 0.017857142857142856,
    "WM-P_WM-P": 0.05263157894736842,
    "WM-P_Unsure E": 0.01,
    "WM-P_BC": 0.006779661016949152,
    "WM-P_MC": 0.015853658536585366,
    "WM-P_BPC": 0.012121212121212121,
    "WM-P_NGC": 0.011764705882352941,
    "WM-P_Unsure I": 0.1,
    "Unsure E_23P": 0.0057306590257879654,
    "Unsure E_4P": 0.032330827067669175,
    "Unsure E_5P-IT": 0.010218978102189781,
    "Unsure E_5P-PT": 0.005263157894736842,
    "Unsure E_5P-NP": 0.02,
    "Unsure E_6P-IT": 0.004166666666666667,
    "Unsure E_6P-CT": 0.008391608391608392,
    "Unsure E_6P-U": 0.007142857142857143,
    "Unsure E_BC": 0.20677966101694914,
    "Unsure E_MC": 0.17560975609756097,
    "Unsure E_BPC": 0.024242424242424242,
    "Unsure E_NGC": 0.03529411764705882,
    "Unsure E_Unsure I": 0.03076923076923077,
    "BC_23P": 0.12626875819532807,
    "BC_4P": 0.16050720020389958,
    "BC_5P-IT": 0.13200544352344426,
    "BC_5P-PT": 0.05753791257805531,
    "BC_5P-NP": 0.05423728813559322,
    "BC_6P-IT": 0.06523658192090395,
    "BC_6P-CT": 0.01813440796491644,
    "BC_6P-U": 0.05811138014527845,
    "BC_WM-P": 0.009322033898305085,
    "BC_Unsure E": 0.1423728813559322,
    "BC_BC": 0.24079485680888368,
    "BC_MC": 0.21124431583298883,
    "BC_BPC": 0.17616846430405753,
    "BC_NGC": 0.053838484546360914,
    "BC_Unsure I": 0.04432855280312908,
    "MC_23P": 0.18624641833810887,
    "MC_4P": 0.13781404731340546,
    "MC_5P-IT": 0.11963681680612427,
    "MC_5P-PT": 0.09370988446726572,
    "MC_5P-NP": 0.07804878048780488,
    "MC_6P-IT": 0.041539634146341466,
    "MC_6P-CT": 0.08016373870032406,
    "MC_6P-U": 0.07491289198606271,
    "MC_WM-P": 0.01097560975609756,
    "MC_Unsure E": 0.0975609756097561,
    "MC_BC": 0.12691194708557255,
    "MC_MC": 0.10426829268292682,
    "MC_BPC": 0.23725055432372505,
    "MC_NGC": 0.024390243902439025,
    "MC_Unsure I": 0.0150093808630394,
    "BPC_23P": 0.050968134062689935,
    "BPC_4P": 0.03884711779448621,
    "BPC_5P-IT": 0.039593010395930106,
    "BPC_5P-PT": 0.013556618819776715,
    "BPC_5P-NP": 0.01818181818181818,
    "BPC_6P-IT": 0.008207070707070708,
    "BPC_6P-CT": 0.004873913964823055,
    "BPC_6P-U": 0.007575757575757576,
    "BPC_WM-P": 0.007575757575757576,
    "BPC_Unsure E": 0.048484848484848485,
    "BPC_BC": 0.0903954802259887,
    "BPC_MC": 0.22099039172209903,
    "BPC_BPC": 0.12121212121212122,
    "BPC_NGC": 0.0784313725490196,
    "BPC_Unsure I": 0.06993006993006994,
    "NGC_23P": 0.041463003539524694,
    "NGC_4P": 0.033171163202122954,
    "NGC_5P-IT": 0.04164877629884071,
    "NGC_5P-PT": 0.007739938080495356,